County,Median_Age,Percent_Age_17_and_Under,Percent_Age_65_and_Older,Percent_Age_85_and_Older,Percent_Hispanic,Percent_White_Alone,Percent_African_American_Alone,Percent_American_Indian_&_Alaska_Native_Alone,Percent_Asian_Alone,Percent_Native_Hawaiian_and_Other_Pacific_Islander_Alone,Percent_Multi_Racial,Per_Capita_Income,Median_Household_Income,Avg_Annual_Pay,Percent_Population_in_Poverty,Percent_Population_under_18_in_Poverty,Percent_Urban,Percent_Rural,Percent_HS_Graduate_or_Higher,Percent_Bachelors_Degree_or_Higher,Percent_Unemployed,County_Population,Population_Density_per_Sq_Mile,Percent_Uninsured,Percent_Insured,State,FIPS,State_Abbr,RUCC_2013,RUCC_Description
Anderson,39.4,19.02,15.0,1.48,18.02,74.68,21.83,0.7,0.92,0.16,1.71,34242,45969,44146,19.8,22.6,32.94,67.06,80.2,11.8,3.6,57735,55.01,19.9,80.1,Texas,48001,TX,7,"Nonmetro - Urban population of 2,500 to 19,999, not adjacent to a metro area"
Andrews,31.5,31.02,9.8,1.11,56.56,94.2,1.92,1.53,0.79,0.02,1.54,50011,84946,68340,10.7,14.0,83.5,16.5,73.8,10.6,3.1,18705,9.85,21.0,79.0,Texas,48003,TX,6,"Nonmetro - Urban population of 2,500 to 19,999, adjacent to a metro area"
Angelina,37.5,25.44,16.63,2.0,22.41,81.24,15.49,0.75,1.06,0.07,1.39,38897,46653,40464,17.9,26.7,56.92,43.08,79.9,15.7,5.1,86715,108.77,21.3,78.7,Texas,48005,TX,5,"Nonmetro - Urban population of 20,000 or more, not adjacent to a metro area"
Aransas,51.2,17.73,28.89,2.9,27.47,93.18,1.7,1.25,1.96,0.09,1.83,48389,46912,38613,19.9,34.7,72.74,27.26,83.2,20.2,6.8,23510,91.87,24.1,75.9,Texas,48007,TX,2,"Metro - Counties in metro areas of 250,000 to 1 million population"
Archer,44.1,21.55,19.61,2.02,8.24,95.26,1.17,1.47,0.51,0.03,1.55,50310,61190,38231,10.6,14.3,11.01,88.99,90.1,21.8,3.4,8553,10.03,16.5,83.5,Texas,48009,TX,3,"Metro - Counties in metro areas of fewer than 250,000 population"
Armstrong,44.7,22.58,24.91,2.33,8.14,96.38,1.06,1.49,0.21,0.0,0.85,47995,57210,38485,10.7,15.3,0.0,100.0,89.8,23.1,2.5,1887,2.09,17.1,82.9,Texas,48011,TX,2,"Metro - Counties in metro areas of 250,000 to 1 million population"
Atascosa,35.7,27.19,14.87,1.62,64.78,95.6,1.26,1.3,0.61,0.13,1.1,36660,50594,51710,15.7,23.9,39.29,60.71,75.3,14.3,4.2,51153,36.83,20.3,79.7,Texas,48013,TX,1,Metro - Counties in metro areas of 1 million population or more
Austin,41.3,23.84,19.76,2.11,27.36,87.52,9.25,0.81,0.81,0.04,1.57,50702,59942,47874,10.2,16.9,33.66,66.34,82.4,21.0,4.3,30032,43.95,19.7,80.3,Texas,48015,TX,1,Metro - Counties in metro areas of 1 million population or more
Bailey,33.6,30.77,14.8,1.86,63.92,92.42,2.12,3.25,0.88,0.13,1.2,42507,45051,39757,15.8,26.1,71.25,28.75,67.6,10.7,4.3,7000,8.67,29.1,70.9,Texas,48017,TX,7,"Nonmetro - Urban population of 2,500 to 19,999, not adjacent to a metro area"
Bandera,53.2,16.47,27.86,2.47,19.35,95.46,1.07,1.3,0.55,0.04,1.57,43459,53008,35860,13.4,22.8,0.0,100.0,86.8,24.0,3.6,23112,25.9,21.9,78.1,Texas,48019,TX,1,Metro - Counties in metro areas of 1 million population or more
Bastrop,38.2,25.37,15.63,1.35,38.6,87.54,7.38,1.94,0.92,0.14,2.07,36561,61883,39288,12.6,19.2,36.15,63.85,80.6,18.4,3.5,88723,83.51,21.8,78.2,Texas,48021,TX,1,Metro - Counties in metro areas of 1 million population or more
Baylor,43.6,22.86,24.05,4.19,13.83,93.53,2.91,0.84,0.48,0.08,2.16,41704,41180,35155,16.1,28.6,0.0,100.0,86.9,26.6,3.4,3509,4.3,16.8,83.2,Texas,48023,TX,8,"Nonmetro - Completely rural or less than 2,500 urban population, adjacent to a metro area"
Bee,35.2,20.95,12.56,1.38,59.21,88.24,8.89,0.91,0.65,0.1,1.21,28457,41806,37001,26.7,32.0,57.02,42.98,71.4,8.9,6.4,32565,36.2,18.3,81.7,Texas,48025,TX,6,"Nonmetro - Urban population of 2,500 to 19,999, adjacent to a metro area"
Bell,31.5,27.55,11.17,1.24,25.31,65.99,24.26,1.06,3.21,0.85,4.62,42773,54292,46975,13.0,19.1,84.81,15.19,90.3,23.2,4.2,362924,295.18,15.1,84.9,Texas,48027,TX,2,"Metro - Counties in metro areas of 250,000 to 1 million population"
Bexar,34.0,25.28,12.37,1.42,60.49,84.41,8.55,1.22,3.21,0.23,2.38,46058,54210,50720,17.2,23.7,95.46,4.54,83.4,26.9,3.5,2003554,1383.08,17.8,82.2,Texas,48029,TX,1,Metro - Counties in metro areas of 1 million population or more
Blanco,50.1,17.77,25.18,2.21,19.54,94.63,1.53,1.28,0.99,0.09,1.49,51968,64832,48527,10.1,17.2,0.0,100.0,89.9,28.8,2.7,11931,14.8,22.0,78.0,Texas,48031,TX,8,"Nonmetro - Completely rural or less than 2,500 urban population, adjacent to a metro area"
Borden,49.1,19.88,26.61,4.28,18.55,95.21,0.93,0.77,0.15,0.0,2.94,63756,66101,38302,10.0,14.5,0.0,100.0,93.3,36.5,3.5,654,0.71,11.3,88.7,Texas,48033,TX,8,"Nonmetro - Completely rural or less than 2,500 urban population, adjacent to a metro area"
Bosque,46.9,21.03,25.37,3.01,18.97,94.86,2.1,0.85,0.59,0.07,1.53,41592,48460,38772,14.9,24.0,18.78,81.22,82.3,17.7,4.0,18685,18.53,23.4,76.6,Texas,48035,TX,6,"Nonmetro - Urban population of 2,500 to 19,999, adjacent to a metro area"
Bowie,38.3,23.57,16.98,2.17,7.73,69.9,25.34,1.05,1.2,0.09,2.41,40010,47339,40397,19.1,25.5,64.58,35.42,87.5,18.8,4.5,93245,104.59,15.5,84.5,Texas,48037,TX,3,"Metro - Counties in metro areas of fewer than 250,000 population"
Brazoria,36.1,26.11,12.22,1.21,31.15,75.44,14.67,0.84,6.88,0.1,2.07,47239,74225,59130,10.1,13.1,77.47,22.53,86.7,28.7,5.3,374264,230.66,16.4,83.6,Texas,48039,TX,1,Metro - Counties in metro areas of 1 million population or more
Brazos,27.3,20.63,9.46,1.1,25.94,79.8,11.08,0.67,6.27,0.12,2.06,39216,50113,41593,23.2,20.2,87.94,12.06,85.6,39.8,3.1,229211,332.83,16.8,83.2,Texas,48041,TX,3,"Metro - Counties in metro areas of fewer than 250,000 population"
Brewster,44.1,18.25,24.24,2.67,44.93,92.57,1.63,1.7,1.61,0.18,2.31,45652,45670,40768,16.0,21.2,65.13,34.87,86.4,36.0,3.5,9203,1.49,19.7,80.3,Texas,48043,TX,7,"Nonmetro - Urban population of 2,500 to 19,999, not adjacent to a metro area"
Briscoe,46.1,19.53,26.13,3.43,25.26,93.19,3.57,0.73,0.26,0.0,2.25,35243,44409,32256,16.2,24.3,0.0,100.0,77.5,23.0,4.3,1546,1.82,26.7,73.3,Texas,48045,TX,9,"Nonmetro - Completely rural or less than 2,500 urban population, not adjacent to a metro area"
Brooks,35.4,27.49,18.44,2.16,91.59,96.66,1.0,0.66,1.13,0.04,0.51,33861,30116,43551,31.0,48.6,68.24,31.76,70.4,14.6,8.2,7093,7.66,17.9,82.1,Texas,48047,TX,7,"Nonmetro - Urban population of 2,500 to 19,999, not adjacent to a metro area"
Brown,41.4,21.58,20.39,2.52,22.59,92.49,4.0,0.85,0.81,0.08,1.79,38830,47097,37921,13.2,21.2,59.6,40.4,85.1,18.5,3.8,37864,40.35,17.8,82.2,Texas,48049,TX,5,"Nonmetro - Urban population of 20,000 or more, not adjacent to a metro area"
Burleson,44.0,21.78,20.97,2.82,20.7,83.85,12.84,1.08,0.4,0.04,1.78,42629,53626,45600,14.8,23.7,23.34,76.66,80.4,14.8,4.1,18443,26.08,20.4,79.6,Texas,48051,TX,3,"Metro - Counties in metro areas of fewer than 250,000 population"
Burnet,44.8,21.07,22.84,2.37,22.41,94.24,2.08,1.18,0.9,0.08,1.52,46516,56696,42591,11.0,18.6,44.33,55.67,86.1,23.0,3.2,48155,43.0,23.1,76.9,Texas,48053,TX,6,"Nonmetro - Urban population of 2,500 to 19,999, adjacent to a metro area"
Caldwell,36.5,23.25,14.91,1.68,53.01,89.05,6.5,1.54,0.98,0.1,1.83,33668,52588,39602,14.1,20.7,57.71,42.29,79.1,14.7,3.9,43664,69.81,21.5,78.5,Texas,48055,TX,1,Metro - Counties in metro areas of 1 million population or more
Calhoun,39.1,23.94,18.7,2.21,49.36,89.2,3.13,0.83,5.41,0.05,1.38,38668,52085,66625,14.2,24.0,55.27,44.73,80.5,15.4,5.8,21290,42.18,19.2,80.8,Texas,48057,TX,6,"Nonmetro - Urban population of 2,500 to 19,999, adjacent to a metro area"
Callahan,43.6,21.9,21.21,2.49,9.89,94.93,1.64,0.79,0.69,0.1,1.84,39392,50330,42182,12.0,20.2,27.82,72.18,88.0,14.7,3.7,13943,15.06,18.9,81.1,Texas,48059,TX,3,"Metro - Counties in metro areas of fewer than 250,000 population"
Cameron,32.3,29.91,13.85,1.74,89.81,97.11,0.81,0.66,0.79,0.07,0.56,28756,38106,33599,27.9,40.2,91.58,8.42,65.6,16.8,6.9,423163,455.95,30.2,69.8,Texas,48061,TX,2,"Metro - Counties in metro areas of 250,000 to 1 million population"
Camp,38.3,26.33,19.05,1.75,25.41,78.56,16.69,0.96,0.97,0.17,2.65,38660,43714,39208,18.8,30.5,38.52,61.48,81.2,15.0,5.6,13094,63.33,20.6,79.4,Texas,48063,TX,6,"Nonmetro - Urban population of 2,500 to 19,999, adjacent to a metro area"
Carson,41.9,23.39,21.09,2.19,10.32,94.64,0.87,1.76,0.6,0.05,2.08,46373,64799,82411,8.9,12.2,4.8,95.2,92.2,26.4,3.2,5926,6.72,15.3,84.7,Texas,48065,TX,2,"Metro - Counties in metro areas of 250,000 to 1 million population"
Cass,44.5,22.19,22.83,2.74,4.65,80.28,16.91,0.67,0.45,0.05,1.64,36905,44154,36834,20.4,32.0,25.99,74.01,85.9,14.4,6.0,30026,32.51,16.8,83.2,Texas,48067,TX,6,"Nonmetro - Urban population of 2,500 to 19,999, adjacent to a metro area"
Castro,35.0,28.67,16.41,2.19,65.04,93.75,2.71,1.81,0.71,0.01,1.0,42786,45689,36980,17.5,24.2,54.24,45.76,70.5,13.1,3.3,7530,9.01,29.1,70.9,Texas,48069,TX,6,"Nonmetro - Urban population of 2,500 to 19,999, adjacent to a metro area"
Chambers,35.1,27.78,12.0,1.05,22.92,87.71,8.3,1.03,1.28,0.12,1.57,53673,89513,63980,8.5,10.9,54.28,45.72,83.8,21.1,6.5,43837,58.77,15.1,84.9,Texas,48071,TX,1,Metro - Counties in metro areas of 1 million population or more
Cherokee,38.2,25.31,17.94,2.05,23.51,81.17,14.61,1.64,0.56,0.07,1.95,34468,43483,36122,17.4,24.6,36.95,63.05,79.6,17.4,4.5,52646,48.29,22.4,77.6,Texas,48073,TX,6,"Nonmetro - Urban population of 2,500 to 19,999, adjacent to a metro area"
Childress,33.6,19.0,15.95,2.07,31.52,85.77,11.11,0.98,0.67,0.03,1.44,30084,42291,38109,21.2,25.4,66.85,33.15,85.3,15.6,3.0,7306,10.11,21.5,78.5,Texas,48075,TX,7,"Nonmetro - Urban population of 2,500 to 19,999, not adjacent to a metro area"
Clay,47.4,19.75,23.72,2.78,6.59,95.07,0.9,1.38,0.49,0.01,2.15,42335,58356,37220,10.9,16.9,25.4,74.6,89.3,16.3,3.6,10471,9.88,18.6,81.4,Texas,48077,TX,3,"Metro - Counties in metro areas of fewer than 250,000 population"
Cochran,36.5,26.81,16.4,1.72,59.7,90.82,4.38,3.0,0.46,0.25,1.1,38312,42873,40099,21.9,31.8,0.0,100.0,70.0,9.5,4.6,2853,4.03,27.0,73.0,Texas,48079,TX,9,"Nonmetro - Completely rural or less than 2,500 urban population, not adjacent to a metro area"
Coke,47.0,20.93,27.96,3.1,21.49,94.66,0.89,2.44,0.15,0.03,1.82,41895,44804,40418,14.1,21.4,0.0,100.0,85.3,20.5,3.7,3387,3.64,17.3,82.7,Texas,48081,TX,8,"Nonmetro - Completely rural or less than 2,500 urban population, adjacent to a metro area"
Coleman,48.8,20.32,25.92,2.74,17.45,92.36,3.18,1.42,1.0,0.04,2.0,40669,39484,30611,19.3,30.6,48.45,51.55,82.6,14.2,4.4,8175,7.05,24.1,75.9,Texas,48083,TX,6,"Nonmetro - Urban population of 2,500 to 19,999, adjacent to a metro area"
Collin,37.2,25.64,11.27,1.05,15.4,70.14,10.46,0.69,15.87,0.1,2.74,65874,96936,66886,6.4,6.7,94.76,5.24,93.6,50.2,3.4,1034730,930.0,12.5,87.5,Texas,48085,TX,1,Metro - Counties in metro areas of 1 million population or more
Collingsworth,38.5,25.0,19.01,2.43,34.02,88.17,6.08,3.2,0.51,0.0,2.04,33039,39536,40303,17.3,26.7,0.0,100.0,77.0,17.0,3.6,2920,3.33,30.0,70.0,Texas,48087,TX,9,"Nonmetro - Completely rural or less than 2,500 urban population, not adjacent to a metro area"
Colorado,43.1,22.98,22.57,3.17,30.28,83.71,12.63,1.09,0.72,0.07,1.77,46821,48258,42474,13.7,21.9,37.39,62.61,81.8,18.4,3.8,21493,21.74,21.7,78.3,Texas,48089,TX,6,"Nonmetro - Urban population of 2,500 to 19,999, adjacent to a metro area"
Comal,41.7,22.48,18.26,1.76,27.62,93.2,2.54,0.87,1.37,0.09,1.93,58067,76523,43403,7.1,10.2,53.85,46.15,91.5,34.5,3.4,156209,193.88,15.4,84.6,Texas,48091,TX,1,Metro - Counties in metro areas of 1 million population or more
Comanche,45.5,22.14,24.42,2.81,28.36,95.55,1.07,1.25,0.68,0.05,1.4,42465,52251,34632,16.4,25.0,28.54,71.46,79.9,17.0,3.7,13635,14.9,25.0,75.0,Texas,48093,TX,7,"Nonmetro - Urban population of 2,500 to 19,999, not adjacent to a metro area"
Concho,48.8,18.23,25.28,2.97,34.7,94.11,2.2,0.86,1.64,0.04,1.16,19801,40987,38074,26.6,25.7,0.0,100.0,61.4,11.5,4.2,2726,4.15,20.5,79.5,Texas,48095,TX,8,"Nonmetro - Completely rural or less than 2,500 urban population, adjacent to a metro area"
Cooke,40.0,23.62,18.92,2.08,18.6,92.18,3.39,1.38,1.08,0.05,1.93,54174,52047,46907,14.8,24.9,40.97,59.03,86.1,21.6,3.6,41257,43.94,20.4,79.6,Texas,48097,TX,6,"Nonmetro - Urban population of 2,500 to 19,999, adjacent to a metro area"
Coryell,32.2,22.58,10.59,0.95,18.62,73.64,17.67,1.16,2.12,0.97,4.43,33996,48099,42286,15.0,20.1,80.58,19.42,87.6,15.1,4.3,75951,71.66,15.2,84.8,Texas,48099,TX,2,"Metro - Counties in metro areas of 250,000 to 1 million population"
Cottle,44.6,22.96,24.25,2.79,24.96,86.18,10.93,0.51,0.07,0.14,2.17,57288,38304,39743,21.2,40.1,0.0,100.0,72.2,16.2,4.3,1398,1.67,25.1,74.9,Texas,48101,TX,9,"Nonmetro - Completely rural or less than 2,500 urban population, not adjacent to a metro area"
Crane,34.1,28.91,12.38,1.86,65.24,92.2,3.66,1.43,0.97,0.13,1.62,47758,61987,66667,10.1,13.6,89.3,10.7,72.8,12.9,5.3,4797,5.57,20.0,80.0,Texas,48103,TX,6,"Nonmetro - Urban population of 2,500 to 19,999, adjacent to a metro area"
Crockett,39.4,24.83,17.67,1.79,66.27,93.92,1.6,2.36,0.76,0.09,1.28,41472,49117,41530,15.3,23.4,77.25,22.75,73.7,11.0,4.1,3464,1.32,21.5,78.5,Texas,48105,TX,7,"Nonmetro - Urban population of 2,500 to 19,999, not adjacent to a metro area"
Crosby,38.6,26.06,18.91,2.46,56.05,92.57,3.9,1.13,0.26,0.07,2.06,30773,37911,36904,23.7,37.1,0.0,100.0,72.3,12.1,4.1,5737,6.73,19.9,80.1,Texas,48107,TX,2,"Metro - Counties in metro areas of 250,000 to 1 million population"
Culberson,41.9,22.39,22.11,3.41,72.33,91.39,1.05,2.42,2.01,0.05,3.1,54180,42164,51634,20.3,32.7,0.0,100.0,64.9,7.7,3.6,2171,0.63,24.7,75.3,Texas,48109,TX,9,"Nonmetro - Completely rural or less than 2,500 urban population, not adjacent to a metro area"
Dallam,31.6,31.91,11.76,1.3,46.71,92.59,2.41,2.23,1.08,0.16,1.52,52148,50587,44322,12.1,18.1,76.46,23.54,72.7,11.8,2.1,7287,4.46,30.2,69.8,Texas,48111,TX,7,"Nonmetro - Urban population of 2,500 to 19,999, not adjacent to a metro area"
Dallas,33.7,25.81,11.08,1.23,40.47,66.72,23.52,1.08,6.64,0.11,1.92,58993,59838,68484,14.2,20.7,99.31,0.69,78.0,29.7,3.8,2635516,2718.0,24.0,76.0,Texas,48113,TX,1,Metro - Counties in metro areas of 1 million population or more
Dawson,33.7,25.7,14.91,1.94,57.92,89.82,6.07,1.23,1.27,0.13,1.48,37111,43726,40178,22.9,29.9,83.71,16.29,74.1,12.6,4.9,12728,15.36,23.6,76.4,Texas,48115,TX,7,"Nonmetro - Urban population of 2,500 to 19,999, not adjacent to a metro area"
Deaf Smith,31.4,30.84,13.06,1.82,73.32,94.39,2.11,1.72,0.61,0.07,1.1,40470,44230,41992,17.5,25.3,82.29,17.71,71.8,14.2,3.1,18546,12.94,26.0,74.0,Texas,48117,TX,6,"Nonmetro - Urban population of 2,500 to 19,999, adjacent to a metro area"
Delta,42.1,23.47,20.97,1.73,8.65,87.32,6.58,2.33,0.66,0.06,3.06,34803,44410,25868,17.2,26.0,0.0,100.0,86.3,18.6,3.3,5331,20.37,17.3,82.7,Texas,48119,TX,8,"Nonmetro - Completely rural or less than 2,500 urban population, adjacent to a metro area"
Denton,36.1,24.29,10.54,0.89,19.44,76.33,10.64,0.84,9.41,0.11,2.67,55933,88384,50734,7.3,8.1,93.09,6.91,92.0,42.2,3.3,887207,754.31,13.0,87.0,Texas,48121,TX,1,Metro - Counties in metro areas of 1 million population or more
DeWitt,41.8,22.46,20.01,2.8,35.68,87.96,9.37,0.94,0.36,0.04,1.33,54549,49208,44910,18.4,25.2,50.38,49.62,79.9,14.6,4.4,20160,22.11,18.2,81.8,Texas,48123,TX,6,"Nonmetro - Urban population of 2,500 to 19,999, adjacent to a metro area"
Dickens,43.4,18.18,23.74,2.44,31.51,88.37,5.95,2.3,1.31,0.09,1.98,31586,39627,32808,20.3,27.5,0.0,100.0,78.5,14.3,4.7,2211,2.71,21.6,78.4,Texas,48125,TX,8,"Nonmetro - Completely rural or less than 2,500 urban population, adjacent to a metro area"
Dimmit,34.9,28.65,17.28,2.5,87.18,95.9,1.59,0.77,0.75,0.02,0.97,36639,37177,55874,24.6,35.8,60.52,39.48,66.6,10.5,5.1,10124,7.52,20.7,79.3,Texas,48127,TX,6,"Nonmetro - Urban population of 2,500 to 19,999, adjacent to a metro area"
Donley,43.2,19.37,24.53,2.53,11.73,91.1,5.76,0.87,0.75,0.06,1.45,45736,40945,35153,18.6,27.8,0.0,100.0,87.3,16.5,3.6,3278,3.97,19.7,80.3,Texas,48129,TX,8,"Nonmetro - Completely rural or less than 2,500 urban population, adjacent to a metro area"
Duval,36.5,25.63,18.2,2.35,89.32,96.47,1.44,0.9,0.48,0.12,0.6,36418,35156,38553,25.5,36.1,32.96,67.04,67.1,8.9,7.7,11157,6.57,20.3,79.7,Texas,48131,TX,7,"Nonmetro - Urban population of 2,500 to 19,999, not adjacent to a metro area"
Eastland,42.4,21.15,22.08,2.76,16.65,94.38,2.17,1.2,0.69,0.08,1.49,71142,44773,54155,18.7,26.1,39.65,60.35,82.8,14.6,4.3,18360,20.06,21.4,78.6,Texas,48133,TX,6,"Nonmetro - Urban population of 2,500 to 19,999, adjacent to a metro area"
Ector,30.6,30.28,9.61,1.04,61.52,90.38,5.17,1.45,1.24,0.26,1.5,47271,60431,61871,12.9,17.9,90.54,9.46,75.1,15.2,4.1,166223,152.76,21.4,78.6,Texas,48135,TX,3,"Metro - Counties in metro areas of fewer than 250,000 population"
Edwards,48.7,21.74,29.04,3.21,55.71,94.97,1.1,2.2,0.73,0.0,1.0,35182,37812,34591,22.1,37.3,0.0,100.0,75.1,24.0,3.2,1932,0.95,24.2,75.8,Texas,48137,TX,9,"Nonmetro - Completely rural or less than 2,500 urban population, not adjacent to a metro area"
El Paso,32.7,26.74,12.53,1.59,82.84,91.94,3.96,1.05,1.35,0.21,1.49,35856,43948,38858,20.5,28.9,97.83,2.17,76.5,21.7,4.6,839238,790.61,23.8,76.2,Texas,48141,TX,2,"Metro - Counties in metro areas of 250,000 to 1 million population"
Ellis,36.4,26.52,13.14,1.24,26.56,84.86,11.39,0.86,0.81,0.14,1.94,44313,76792,44378,8.8,14.0,68.02,31.98,84.6,21.9,3.4,184826,159.93,18.8,81.2,Texas,48139,TX,1,Metro - Counties in metro areas of 1 million population or more
Erath,31.6,20.68,14.65,1.86,21.44,94.14,1.94,1.27,1.01,0.09,1.55,39572,47087,35913,18.1,20.1,53.68,46.32,83.9,28.2,3.4,42698,34.98,20.8,79.2,Texas,48143,TX,4,"Nonmetro - Urban population of 20,000 or more, adjacent to a metro area"
Falls,39.6,20.96,18.65,2.29,23.41,71.74,24.28,1.14,0.63,0.21,2.01,34619,37428,37276,21.7,27.7,32.64,67.36,75.7,11.9,4.2,17297,23.34,20.7,79.3,Texas,48145,TX,2,"Metro - Counties in metro areas of 250,000 to 1 million population"
Fannin,41.1,21.16,18.55,2.02,11.61,89.01,6.52,1.39,0.75,0.07,2.25,37605,53111,41415,13.8,19.5,29.47,70.53,83.0,15.6,3.3,35514,38.07,20.1,79.9,Texas,48147,TX,6,"Nonmetro - Urban population of 2,500 to 19,999, adjacent to a metro area"
Fayette,47.9,20.02,26.35,3.61,21.3,90.41,6.56,1.23,0.48,0.06,1.26,53564,55776,41065,13.3,19.4,32.86,67.14,81.7,17.1,3.2,25346,25.85,19.5,80.5,Texas,48149,TX,6,"Nonmetro - Urban population of 2,500 to 19,999, adjacent to a metro area"
Fisher,45.8,21.36,25.09,3.6,28.5,91.86,4.16,1.18,0.55,0.18,2.07,46444,45261,42362,15.5,21.3,0.0,100.0,82.8,18.4,3.5,3830,4.42,19.9,80.1,Texas,48151,TX,8,"Nonmetro - Completely rural or less than 2,500 urban population, adjacent to a metro area"
Floyd,38.1,26.42,18.73,2.68,58.98,92.27,4.17,1.4,0.47,0.02,1.68,37367,39891,37195,21.0,33.3,46.68,53.32,73.2,16.4,5.5,5712,6.5,22.8,77.2,Texas,48153,TX,6,"Nonmetro - Urban population of 2,500 to 19,999, adjacent to a metro area"
Foard,50.2,20.0,27.27,3.98,18.98,92.36,4.7,0.67,0.84,0.0,1.43,42954,37648,29202,18.0,31.0,0.0,100.0,80.8,16.0,3.4,1155,1.9,22.7,77.3,Texas,48155,TX,9,"Nonmetro - Completely rural or less than 2,500 urban population, not adjacent to a metro area"
Fort Bend,36.8,27.31,11.56,0.98,24.71,55.24,21.11,0.6,20.71,0.09,2.25,57540,92310,51859,7.9,10.4,94.46,5.54,89.2,44.6,4.6,811688,679.5,13.2,86.8,Texas,48157,TX,1,Metro - Counties in metro areas of 1 million population or more
Franklin,43.4,23.14,22.07,2.53,14.8,92.17,3.97,1.08,0.97,0.03,1.78,39730,48222,42472,15.2,23.9,30.87,69.13,85.5,19.0,4.6,10725,37.29,17.5,82.5,Texas,48159,TX,7,"Nonmetro - Urban population of 2,500 to 19,999, not adjacent to a metro area"
Freestone,42.1,22.68,20.27,2.41,15.81,79.87,15.82,1.4,0.85,0.03,2.03,37066,49317,43387,13.7,19.3,33.52,66.48,81.1,11.5,6.3,19717,22.58,20.7,79.3,Texas,48161,TX,7,"Nonmetro - Urban population of 2,500 to 19,999, not adjacent to a metro area"
Frio,31.7,23.26,12.31,1.33,79.59,91.24,4.12,0.98,2.66,0.04,0.96,27545,41038,52388,27.5,33.9,77.82,22.18,62.8,7.3,3.8,20306,15.19,22.2,77.8,Texas,48163,TX,6,"Nonmetro - Urban population of 2,500 to 19,999, adjacent to a metro area"
Gaines,28.3,36.12,8.87,1.06,41.63,95.01,2.25,1.0,0.43,0.06,1.24,36009,56321,52567,15.4,22.0,36.96,63.04,60.4,10.5,3.0,21492,11.67,32.2,67.8,Texas,48165,TX,7,"Nonmetro - Urban population of 2,500 to 19,999, not adjacent to a metro area"
Galveston,38.1,24.05,14.9,1.55,24.98,80.3,13.27,0.8,3.45,0.11,2.07,51785,71959,49390,12.1,16.6,93.85,6.15,87.6,28.9,5.2,342139,769.93,17.4,82.6,Texas,48167,TX,1,Metro - Counties in metro areas of 1 million population or more
Garza,34.6,16.73,11.54,1.4,51.56,89.08,7.48,1.01,0.75,0.1,1.59,30072,46490,39320,24.6,26.4,77.67,22.33,57.0,8.8,3.3,6229,7.23,23.1,76.9,Texas,48169,TX,6,"Nonmetro - Urban population of 2,500 to 19,999, adjacent to a metro area"
Gillespie,50.3,19.74,30.05,4.21,23.5,96.52,0.67,1.13,0.48,0.17,1.03,60561,61433,38547,9.6,15.7,46.35,53.65,89.3,34.1,2.6,26988,23.47,22.1,77.9,Texas,48171,TX,7,"Nonmetro - Urban population of 2,500 to 19,999, not adjacent to a metro area"
Glasscock,36.9,25.41,14.9,1.42,38.53,97.12,1.58,0.5,0.14,0.14,0.5,102145,83330,58493,9.7,13.3,0.0,100.0,75.2,25.2,2.6,1409,1.36,19.5,80.5,Texas,48173,TX,8,"Nonmetro - Completely rural or less than 2,500 urban population, adjacent to a metro area"
Goliad,46.2,20.72,23.92,3.17,36.15,91.9,5.21,0.98,0.54,0.03,1.36,43858,55008,35801,14.4,22.6,0.0,100.0,88.8,16.0,4.9,7658,8.46,15.8,84.2,Texas,48175,TX,3,"Metro - Counties in metro areas of fewer than 250,000 population"
Gonzales,37.2,26.71,17.14,1.91,51.25,89.02,7.3,1.71,0.55,0.14,1.28,43342,49829,42122,16.9,25.3,34.72,65.28,72.5,13.7,3.5,20837,18.57,25.5,74.5,Texas,48177,TX,6,"Nonmetro - Urban population of 2,500 to 19,999, adjacent to a metro area"
Gray,37.7,25.32,16.13,2.12,29.25,90.18,5.39,1.63,0.68,0.0,2.12,44002,49121,49587,16.7,21.9,80.61,19.39,80.3,13.6,5.3,21886,24.34,23.3,76.7,Texas,48179,TX,6,"Nonmetro - Urban population of 2,500 to 19,999, adjacent to a metro area"
Grayson,39.4,23.66,17.75,1.99,13.8,87.59,6.24,1.8,1.52,0.09,2.77,42195,51403,43724,12.3,16.6,56.85,43.15,87.6,20.2,3.5,136212,129.58,20.5,79.5,Texas,48181,TX,3,"Metro - Counties in metro areas of fewer than 250,000 population"
Gregg,36.0,25.71,15.69,2.13,18.95,74.54,20.88,1.0,1.38,0.1,2.09,45401,50610,47516,15.1,20.9,86.64,13.36,83.7,20.7,5.1,123945,445.4,21.1,78.9,Texas,48183,TX,3,"Metro - Counties in metro areas of fewer than 250,000 population"
Grimes,40.3,22.1,17.78,1.86,24.38,81.01,15.56,0.99,0.39,0.12,1.94,35450,49498,49614,17.5,25.3,31.1,68.9,77.8,13.2,5.3,28880,33.78,22.3,77.7,Texas,48185,TX,6,"Nonmetro - Urban population of 2,500 to 19,999, adjacent to a metro area"
Guadalupe,37.4,24.73,14.15,1.51,38.24,85.56,8.59,0.96,1.94,0.22,2.73,44809,73864,44438,8.5,12.0,73.84,26.16,88.2,26.5,3.3,166847,184.92,14.5,85.5,Texas,48187,TX,1,Metro - Counties in metro areas of 1 million population or more
Hale,33.4,26.79,13.78,1.77,59.88,90.35,5.76,1.73,0.64,0.13,1.39,32263,42782,37633,18.4,26.2,76.9,23.1,75.4,15.8,5.1,33406,36.1,22.0,78.0,Texas,48189,TX,4,"Nonmetro - Urban population of 20,000 or more, adjacent to a metro area"
Hall,45.2,22.13,23.99,3.14,34.21,86.91,9.32,1.55,0.46,0.07,1.69,30180,32597,28510,24.1,38.8,0.0,100.0,72.1,12.5,6.2,2964,3.8,28.4,71.6,Texas,48191,TX,9,"Nonmetro - Completely rural or less than 2,500 urban population, not adjacent to a metro area"
Hamilton,45.4,21.74,25.36,4.03,13.02,94.93,0.97,1.9,0.79,0.07,1.34,60744,49210,36599,14.7,23.4,35.62,64.38,82.2,21.5,3.9,8461,10.19,22.8,77.2,Texas,48193,TX,6,"Nonmetro - Urban population of 2,500 to 19,999, adjacent to a metro area"
Hansford,34.0,29.69,15.04,2.43,48.26,95.5,0.97,1.72,0.46,0.05,1.3,62998,57240,57740,11.6,17.2,59.67,40.33,74.0,20.8,2.5,5399,6.1,27.8,72.2,Texas,48195,TX,7,"Nonmetro - Urban population of 2,500 to 19,999, not adjacent to a metro area"
Hardeman,43.7,21.51,23.19,3.08,23.92,89.82,5.85,1.27,0.64,0.0,2.42,38212,42469,36630,17.4,27.1,0.0,100.0,75.6,13.5,3.9,3933,5.95,25.6,74.4,Texas,48197,TX,9,"Nonmetro - Completely rural or less than 2,500 urban population, not adjacent to a metro area"
Hardin,39.1,24.4,16.95,1.84,5.85,91.67,5.58,0.6,0.69,0.03,1.43,45982,60909,42903,12.4,17.1,48.45,51.55,86.9,16.1,6.1,57602,61.35,15.4,84.6,Texas,48199,TX,2,"Metro - Counties in metro areas of 250,000 to 1 million population"
Harris,34.0,26.43,10.91,1.12,43.35,69.69,19.89,1.06,7.3,0.12,1.94,56474,60241,70558,16.5,24.8,98.79,1.21,80.2,30.1,5.0,4713325,2402.41,22.6,77.4,Texas,48201,TX,1,Metro - Counties in metro areas of 1 million population or more
Harrison,38.6,24.92,17.44,1.92,13.34,75.05,21.1,1.2,0.83,0.11,1.71,41917,50131,49400,14.7,22.8,43.95,56.05,82.8,17.7,5.2,66553,72.93,18.6,81.4,Texas,48203,TX,4,"Nonmetro - Urban population of 20,000 or more, adjacent to a metro area"
Hartley,40.3,20.88,15.44,2.35,27.2,90.29,7.02,0.7,0.84,0.04,1.12,62463,72451,40922,9.5,10.3,42.74,57.26,82.1,20.1,2.0,5576,4.15,23.5,76.5,Texas,48205,TX,7,"Nonmetro - Urban population of 2,500 to 19,999, not adjacent to a metro area"
Haskell,43.2,16.9,22.38,3.27,28.83,90.91,4.74,1.09,0.95,0.0,2.32,34530,40880,36605,23.1,33.9,52.38,47.62,68.5,13.5,4.7,5658,6.53,25.8,74.2,Texas,48207,TX,6,"Nonmetro - Urban population of 2,500 to 19,999, adjacent to a metro area"
Hays,32.8,22.86,11.38,0.95,39.56,90.15,4.5,1.23,1.7,0.14,2.29,43719,68180,40318,13.2,12.1,68.29,31.71,88.9,36.3,3.1,230191,231.73,17.6,82.4,Texas,48209,TX,1,Metro - Counties in metro areas of 1 million population or more
Hemphill,36.4,30.19,15.87,2.17,33.94,94.93,0.83,1.64,1.25,0.13,1.22,58484,66849,59123,9.6,13.4,73.05,26.95,78.7,23.2,2.5,3819,4.2,24.5,75.5,Texas,48211,TX,7,"Nonmetro - Urban population of 2,500 to 19,999, not adjacent to a metro area"
Henderson,44.3,21.27,22.4,2.3,13.12,89.84,6.46,0.93,0.69,0.1,1.98,39627,43337,37208,19.4,29.9,39.89,60.11,82.9,17.5,4.2,82737,89.88,22.3,77.7,Texas,48213,TX,4,"Nonmetro - Urban population of 20,000 or more, adjacent to a metro area"
Hidalgo,29.7,32.13,11.32,1.42,92.34,97.01,0.88,0.53,1.05,0.04,0.49,26410,38785,34363,30.0,40.4,94.86,5.14,63.3,17.4,7.4,868707,493.21,32.1,67.9,Texas,48215,TX,2,"Metro - Counties in metro areas of 250,000 to 1 million population"
Hill,41.6,23.14,20.97,2.48,21.04,89.63,6.77,0.94,0.64,0.15,1.87,39205,48670,41027,12.6,20.2,23.73,76.27,80.3,16.0,3.9,36649,36.59,22.8,77.2,Texas,48217,TX,6,"Nonmetro - Urban population of 2,500 to 19,999, adjacent to a metro area"
Hockley,34.6,25.68,15.0,1.77,48.58,92.75,4.01,1.34,0.5,0.07,1.33,38975,46764,53790,19.5,28.1,60.15,39.85,78.2,14.7,3.7,23021,25.25,22.4,77.6,Texas,48219,TX,6,"Nonmetro - Urban population of 2,500 to 19,999, adjacent to a metro area"
Hood,46.4,21.08,25.01,2.74,12.62,95.54,1.09,0.95,0.9,0.09,1.43,50741,60917,43893,10.2,16.8,67.15,32.85,88.2,25.8,4.2,61643,121.68,17.0,83.0,Texas,48221,TX,1,Metro - Counties in metro areas of 1 million population or more
Hopkins,39.6,24.16,18.57,2.1,17.19,88.78,7.41,0.99,0.71,0.12,1.99,39120,52079,39227,14.6,21.1,40.37,59.63,82.4,17.1,3.6,37084,45.83,22.8,77.2,Texas,48223,TX,6,"Nonmetro - Urban population of 2,500 to 19,999, adjacent to a metro area"
Houston,44.6,19.77,22.54,2.86,11.37,71.7,25.47,0.67,0.78,0.01,1.37,38081,39533,49460,26.1,40.8,26.51,73.49,82.4,14.5,4.2,22968,19.28,21.2,78.8,Texas,48225,TX,7,"Nonmetro - Urban population of 2,500 to 19,999, not adjacent to a metro area"
Howard,36.8,21.85,13.13,1.73,43.05,88.23,7.02,1.67,1.19,0.09,1.8,40255,50423,51178,20.6,25.1,79.94,20.06,79.4,12.6,4.3,36664,38.87,18.5,81.5,Texas,48227,TX,4,"Nonmetro - Urban population of 20,000 or more, adjacent to a metro area"
Hudspeth,35.8,20.81,15.86,1.9,77.97,90.64,3.68,1.92,1.5,0.23,2.03,32472,42671,57753,17.8,25.0,0.0,100.0,52.2,7.5,6.0,4886,0.76,28.3,71.7,Texas,48229,TX,2,"Metro - Counties in metro areas of 250,000 to 1 million population"
Hunt,38.0,23.83,16.04,1.67,16.88,86.48,8.33,1.25,1.57,0.18,2.2,38029,53360,52234,13.6,20.1,43.37,56.63,82.7,17.3,3.9,98594,102.5,19.8,80.2,Texas,48231,TX,1,Metro - Counties in metro areas of 1 million population or more
Hutchinson,38.1,25.35,17.1,2.16,23.7,91.69,2.96,2.22,0.71,0.09,2.34,41550,54351,61233,13.0,18.9,77.44,22.56,84.9,15.3,6.0,20938,24.96,20.0,80.0,Texas,48233,TX,6,"Nonmetro - Urban population of 2,500 to 19,999, adjacent to a metro area"
Irion,43.3,22.53,21.35,2.47,25.86,95.58,1.25,1.19,0.26,0.0,1.72,68327,56775,62744,8.1,10.2,0.0,100.0,91.7,15.7,3.0,1536,1.52,12.8,87.2,Texas,48235,TX,3,"Metro - Counties in metro areas of fewer than 250,000 population"
Jack,38.3,21.71,16.96,1.66,17.18,93.0,4.05,1.08,0.53,0.14,1.21,44061,48780,60768,17.7,21.9,46.78,53.22,78.9,10.8,3.7,8935,9.93,23.3,76.7,Texas,48237,TX,6,"Nonmetro - Urban population of 2,500 to 19,999, adjacent to a metro area"
Jackson,38.2,25.38,18.43,2.53,33.73,89.52,6.57,0.87,1.15,0.05,1.85,41770,54088,44782,12.9,19.4,38.18,61.82,84.1,17.3,4.0,14760,16.97,18.7,81.3,Texas,48239,TX,6,"Nonmetro - Urban population of 2,500 to 19,999, adjacent to a metro area"
Jasper,41.6,23.75,20.23,2.06,6.84,81.04,16.01,0.74,0.56,0.08,1.57,40803,47551,41134,19.2,29.9,21.81,78.19,86.8,10.6,7.4,35529,38.04,16.7,83.3,Texas,48241,TX,6,"Nonmetro - Urban population of 2,500 to 19,999, adjacent to a metro area"
Jeff Davis,58.7,6.82,35.71,3.78,32.63,93.67,1.43,1.34,1.43,0.04,2.1,42947,51343,32516,13.1,34.4,0.0,100.0,80.6,38.4,3.1,2274,1.03,29.6,70.4,Texas,48243,TX,9,"Nonmetro - Completely rural or less than 2,500 urban population, not adjacent to a metro area"
Jefferson,36.5,24.06,14.94,1.98,21.4,59.09,34.14,1.01,3.95,0.09,1.71,44065,48121,57522,18.7,27.8,91.6,8.4,83.3,18.8,7.3,251565,287.89,20.5,79.5,Texas,48245,TX,2,"Metro - Counties in metro areas of 250,000 to 1 million population"
Jim Hogg,34.4,30.56,17.12,1.27,92.68,97.27,0.81,0.6,0.56,0.04,0.73,30696,36176,39765,25.2,38.6,82.6,17.4,74.9,11.1,7.2,5200,4.66,19.2,80.8,Texas,48247,TX,6,"Nonmetro - Urban population of 2,500 to 19,999, adjacent to a metro area"
Jim Wells,35.4,27.34,15.71,1.8,80.38,96.52,0.98,1.01,0.57,0.08,0.84,40570,41919,46969,21.2,33.3,59.91,40.09,73.4,10.7,7.5,40482,47.21,20.1,79.9,Texas,48249,TX,4,"Nonmetro - Urban population of 20,000 or more, adjacent to a metro area"
Johnson,36.8,25.93,14.31,1.29,21.95,91.73,3.85,0.98,0.93,0.5,2.02,41697,62635,44877,10.7,15.5,62.13,37.87,83.8,17.7,3.8,175817,208.27,19.0,81.0,Texas,48251,TX,1,Metro - Counties in metro areas of 1 million population or more
Jones,38.6,17.34,15.87,2.1,27.68,82.89,13.39,1.39,0.79,0.01,1.54,30559,43903,38185,22.0,24.0,14.85,85.15,77.3,11.0,5.3,20083,21.76,19.1,80.9,Texas,48253,TX,3,"Metro - Counties in metro areas of fewer than 250,000 population"
Karnes,35.0,21.27,14.17,2.01,55.34,88.17,9.27,1.03,0.51,0.03,0.99,49593,48743,55016,21.8,25.3,61.61,38.39,76.5,12.3,3.5,15601,19.83,18.8,81.2,Texas,48255,TX,6,"Nonmetro - Urban population of 2,500 to 19,999, adjacent to a metro area"
Kaufman,35.1,27.91,11.83,1.06,22.27,82.84,12.55,1.02,1.36,0.09,2.14,42837,67434,42759,11.5,15.3,51.18,48.82,84.5,19.4,3.5,136154,132.38,17.8,82.2,Texas,48257,TX,1,Metro - Counties in metro areas of 1 million population or more
Kendall,42.6,23.12,19.3,2.34,24.21,94.65,1.42,0.73,1.36,0.09,1.75,84270,90937,49971,7.5,10.5,41.84,58.16,93.0,39.3,3.1,47431,50.43,15.4,84.6,Texas,48259,TX,1,Metro - Counties in metro areas of 1 million population or more
Kenedy,37.4,24.75,16.83,2.72,73.23,91.76,3.89,1.6,0.69,0.0,2.06,43561,42153,65819,14.3,20.3,0.0,100.0,57.6,11.5,3.3,404,0.29,26.8,73.2,Texas,48261,TX,9,"Nonmetro - Completely rural or less than 2,500 urban population, not adjacent to a metro area"
Kent,47.7,21.65,26.38,4.46,19.28,94.08,1.52,1.65,0.14,0.14,2.48,54858,47625,38936,13.3,20.3,0.0,100.0,78.3,23.9,2.6,762,0.9,16.5,83.5,Texas,48263,TX,9,"Nonmetro - Completely rural or less than 2,500 urban population, not adjacent to a metro area"
Kerr,48.3,18.94,28.08,3.58,27.26,93.8,1.96,1.14,1.21,0.11,1.79,50150,53704,41998,13.9,23.3,58.9,41.1,86.6,26.2,3.4,52600,44.98,21.7,78.3,Texas,48265,TX,4,"Nonmetro - Urban population of 20,000 or more, adjacent to a metro area"
Kimble,50.6,18.03,29.7,2.97,24.6,96.4,0.71,1.41,0.83,0.07,0.58,43309,42503,30911,17.6,35.9,55.7,44.3,83.1,17.0,3.5,4337,3.68,20.9,79.1,Texas,48267,TX,7,"Nonmetro - Urban population of 2,500 to 19,999, not adjacent to a metro area"
King,41.0,26.47,18.75,2.94,15.58,95.65,0.0,1.45,0.0,0.36,2.54,55661,57925,41427,13.7,15.7,0.0,100.0,80.6,23.2,3.7,272,0.31,22.0,78.0,Texas,48269,TX,9,"Nonmetro - Completely rural or less than 2,500 urban population, not adjacent to a metro area"
Kinney,42.5,19.17,24.82,3.27,61.08,93.69,2.14,1.52,0.43,0.22,2.0,30431,43192,45606,21.1,26.6,79.54,20.46,67.2,13.2,5.5,3667,2.65,18.0,82.0,Texas,48271,TX,7,"Nonmetro - Urban population of 2,500 to 19,999, not adjacent to a metro area"
Kleberg,28.4,23.92,13.19,1.58,73.32,90.82,4.13,0.91,2.45,0.17,1.52,38997,42605,38089,25.0,33.3,81.13,18.87,77.4,25.3,5.9,30680,36.38,19.2,80.8,Texas,48273,TX,4,"Nonmetro - Urban population of 20,000 or more, adjacent to a metro area"
Knox,39.5,26.06,20.09,2.54,34.82,89.62,6.09,1.28,0.27,0.03,2.7,38457,39726,40838,20.4,31.5,0.0,100.0,80.1,18.3,4.0,3664,4.37,25.5,74.5,Texas,48275,TX,9,"Nonmetro - Completely rural or less than 2,500 urban population, not adjacent to a metro area"
La Salle,31.6,19.71,13.54,1.53,86.92,96.82,1.33,0.79,0.4,0.03,0.63,35809,40072,69630,29.6,35.5,53.65,46.35,63.7,14.6,3.7,7520,4.63,16.5,83.5,Texas,48283,TX,6,"Nonmetro - Urban population of 2,500 to 19,999, adjacent to a metro area"
Lamar,40.2,23.61,19.51,2.43,7.99,81.02,13.41,1.84,0.77,0.05,2.91,40763,45767,41695,14.4,22.2,52.92,47.08,84.5,16.7,4.2,49859,54.89,20.6,79.4,Texas,48277,TX,5,"Nonmetro - Urban population of 20,000 or more, not adjacent to a metro area"
Lamb,36.9,27.53,17.37,2.63,55.81,91.46,4.57,1.69,0.4,0.11,1.78,38247,42700,40780,20.0,27.8,42.31,57.69,74.2,17.4,5.2,12893,13.75,25.5,74.5,Texas,48279,TX,6,"Nonmetro - Urban population of 2,500 to 19,999, adjacent to a metro area"
Lampasas,43.8,21.6,20.17,2.16,19.44,90.0,4.09,1.28,1.35,0.47,2.81,49457,55151,34888,12.9,20.2,31.73,68.27,88.6,20.5,3.7,21428,27.6,18.7,81.3,Texas,48281,TX,2,"Metro - Counties in metro areas of 250,000 to 1 million population"
Lavaca,43.6,23.26,23.69,3.65,19.27,90.82,6.51,0.63,0.54,0.08,1.42,50919,51128,39272,13.5,22.2,18.68,81.32,83.0,16.2,3.6,20154,19.86,17.1,82.9,Texas,48285,TX,6,"Nonmetro - Urban population of 2,500 to 19,999, adjacent to a metro area"
Lee,42.2,21.74,18.67,1.95,23.88,85.58,10.95,1.12,0.57,0.22,1.56,46713,55834,50118,12.3,17.8,30.28,69.72,82.3,17.0,3.3,17239,26.41,20.6,79.4,Texas,48287,TX,6,"Nonmetro - Urban population of 2,500 to 19,999, adjacent to a metro area"
Leon,45.7,22.35,24.9,2.56,14.95,89.72,7.18,0.86,0.75,0.02,1.46,40388,47065,53551,15.6,24.4,0.0,100.0,84.5,16.7,6.3,17404,15.66,25.8,74.2,Texas,48289,TX,8,"Nonmetro - Completely rural or less than 2,500 urban population, adjacent to a metro area"
Liberty,34.8,27.04,12.92,1.17,26.59,86.37,9.91,1.17,0.73,0.1,1.72,37237,52577,46375,15.1,23.2,36.77,63.23,76.2,10.0,7.1,88219,65.3,21.6,78.4,Texas,48291,TX,1,Metro - Counties in metro areas of 1 million population or more
Limestone,40.7,22.02,19.93,2.24,22.35,78.65,17.38,1.21,0.74,0.07,1.95,35771,43226,43681,22.2,33.0,46.38,53.62,78.9,14.9,5.5,23437,25.83,21.8,78.2,Texas,48293,TX,6,"Nonmetro - Urban population of 2,500 to 19,999, adjacent to a metro area"
Lipscomb,38.9,25.33,19.08,3.0,34.14,92.31,1.94,2.06,0.87,0.18,2.63,64757,57332,54757,12.0,17.5,0.0,100.0,80.1,17.7,3.2,3233,3.54,27.8,72.2,Texas,48295,TX,9,"Nonmetro - Completely rural or less than 2,500 urban population, not adjacent to a metro area"
Live Oak,41.6,19.83,20.75,2.59,40.45,92.07,4.76,1.2,0.76,0.09,1.12,35636,48814,55304,18.7,25.6,0.0,100.0,79.2,11.1,4.7,12207,11.09,21.1,78.9,Texas,48297,TX,8,"Nonmetro - Completely rural or less than 2,500 urban population, adjacent to a metro area"
Llano,57.8,15.12,37.25,4.75,10.77,95.88,1.21,0.96,0.59,0.04,1.33,47476,54019,37388,12.3,23.4,54.82,45.18,86.5,26.6,3.7,21795,20.66,20.7,79.3,Texas,48299,TX,7,"Nonmetro - Urban population of 2,500 to 19,999, not adjacent to a metro area"
Loving,31.3,28.99,13.61,0.0,16.22,95.95,3.38,0.68,0.0,0.0,0.0,56730,78637,51219,3.3,9.6,0.0,100.0,74.6,3.0,5.0,169,0.12,16.2,83.8,Texas,48301,TX,9,"Nonmetro - Completely rural or less than 2,500 urban population, not adjacent to a metro area"
Lubbock,31.1,23.67,12.71,1.53,35.88,86.64,7.84,1.12,2.39,0.13,1.87,42569,50377,43951,17.6,20.3,88.66,11.34,85.1,28.0,3.2,310569,311.33,15.6,84.4,Texas,48303,TX,2,"Metro - Counties in metro areas of 250,000 to 1 million population"
Lynn,37.1,27.26,16.37,1.87,47.44,93.14,2.75,1.88,0.46,0.02,1.74,33119,43436,47796,18.3,26.8,43.28,56.72,77.9,17.2,3.8,5951,6.63,20.0,80.0,Texas,48305,TX,2,"Metro - Counties in metro areas of 250,000 to 1 million population"
Madison,34.7,21.24,15.85,1.92,23.39,76.18,19.93,1.2,0.8,0.08,1.8,30435,45445,38112,17.9,23.4,32.6,67.4,77.6,12.3,4.6,14284,29.32,20.6,79.4,Texas,48313,TX,6,"Nonmetro - Urban population of 2,500 to 19,999, adjacent to a metro area"
Marion,51.1,18.08,27.37,2.71,4.3,74.07,21.23,1.27,0.91,0.08,2.44,38063,38011,33565,21.9,34.0,0.0,100.0,80.3,12.7,5.7,9854,27.69,19.2,80.8,Texas,48315,TX,8,"Nonmetro - Completely rural or less than 2,500 urban population, adjacent to a metro area"
Martin,32.6,31.35,11.42,1.32,47.42,93.91,2.92,1.36,0.55,0.09,1.18,56021,56484,54456,13.6,19.6,0.0,100.0,77.3,19.3,3.2,5771,5.25,19.0,81.0,Texas,48317,TX,3,"Metro - Counties in metro areas of fewer than 250,000 population"
Mason,49.5,20.19,29.25,3.32,25.83,96.81,0.92,0.75,0.33,0.28,0.92,44601,49560,34243,12.7,23.4,0.0,100.0,89.1,23.7,3.3,4274,4.32,27.6,72.4,Texas,48319,TX,9,"Nonmetro - Completely rural or less than 2,500 urban population, not adjacent to a metro area"
Matagorda,37.8,25.56,17.44,1.94,42.84,83.6,11.29,1.37,1.9,0.12,1.72,40596,48830,56438,18.4,27.8,63.58,36.42,77.7,15.2,7.2,36643,33.36,21.3,78.7,Texas,48321,TX,4,"Nonmetro - Urban population of 20,000 or more, adjacent to a metro area"
Maverick,29.8,30.95,11.93,1.28,95.23,96.38,0.65,1.77,0.65,0.04,0.52,30505,35594,34102,25.9,35.0,90.74,9.26,58.7,11.7,9.3,58722,42.41,27.7,72.3,Texas,48323,TX,5,"Nonmetro - Urban population of 20,000 or more, not adjacent to a metro area"
McCulloch,43.0,22.13,22.44,3.01,32.77,93.18,2.74,1.18,0.83,0.09,1.98,37927,42719,42226,18.5,28.2,64.67,35.33,77.5,16.1,3.6,7984,7.77,19.8,80.2,Texas,48307,TX,7,"Nonmetro - Urban population of 2,500 to 19,999, not adjacent to a metro area"
McLennan,33.4,24.52,14.7,1.97,26.66,79.95,14.95,1.12,1.75,0.11,2.11,41254,48858,46345,18.9,23.4,76.65,23.35,83.8,22.2,3.8,256623,226.5,18.4,81.6,Texas,48309,TX,2,"Metro - Counties in metro areas of 250,000 to 1 million population"
McMullen,48.6,19.78,25.44,3.63,42.95,93.16,2.46,0.68,0.68,0.0,3.01,72150,64633,53682,11.1,15.9,0.0,100.0,81.4,16.2,1.9,743,0.62,14.1,85.9,Texas,48311,TX,9,"Nonmetro - Completely rural or less than 2,500 urban population, not adjacent to a metro area"
Medina,39.4,22.89,16.98,1.91,52.34,93.46,3.02,1.06,0.83,0.16,1.48,39403,59304,37513,12.3,17.9,38.44,61.56,82.5,19.4,3.8,51584,34.71,18.2,81.8,Texas,48325,TX,1,Metro - Counties in metro areas of 1 million population or more
Menard,53.8,18.05,32.69,5.0,36.75,95.42,1.65,1.65,0.19,0.0,1.08,35311,35881,28493,21.6,40.8,0.0,100.0,78.9,15.1,4.8,2138,2.49,28.3,71.7,Texas,48327,TX,9,"Nonmetro - Completely rural or less than 2,500 urban population, not adjacent to a metro area"
Midland,32.1,28.56,10.43,1.54,45.22,88.11,6.82,1.14,2.14,0.12,1.67,124455,80189,75220,10.1,13.5,87.71,12.29,83.4,26.2,3.0,176832,152.03,16.4,83.6,Texas,48329,TX,3,"Metro - Counties in metro areas of fewer than 250,000 population"
Milam,42.3,23.76,21.13,2.78,26.81,86.6,9.53,1.24,0.87,0.06,1.7,36135,46720,41591,15.6,25.4,43.82,56.18,80.3,15.7,5.0,24823,24.34,19.0,81.0,Texas,48331,TX,6,"Nonmetro - Urban population of 2,500 to 19,999, adjacent to a metro area"
Mills,49.8,20.42,29.06,4.17,18.25,96.23,1.15,0.98,0.41,0.02,1.21,37153,47068,33402,14.6,24.6,0.0,100.0,83.1,22.8,3.5,4873,6.6,26.9,73.1,Texas,48333,TX,9,"Nonmetro - Completely rural or less than 2,500 urban population, not adjacent to a metro area"
Mitchell,35.3,20.63,14.73,1.65,40.67,83.19,11.92,1.78,0.69,0.12,2.3,31913,48529,45356,21.4,26.7,63.26,36.74,74.8,11.1,5.5,8545,10.32,21.1,78.9,Texas,48335,TX,7,"Nonmetro - Urban population of 2,500 to 19,999, not adjacent to a metro area"
Montague,43.9,22.45,22.42,2.61,11.0,95.49,0.77,1.43,0.47,0.04,1.8,42074,50542,41779,13.8,20.9,41.06,58.94,82.1,14.8,4.0,19818,21.18,22.9,77.1,Texas,48337,TX,6,"Nonmetro - Urban population of 2,500 to 19,999, adjacent to a metro area"
Montgomery,37.1,26.09,13.41,1.25,24.69,88.21,5.63,0.99,3.16,0.11,1.9,63605,77598,56210,9.3,12.9,77.27,22.73,86.8,33.0,4.3,607391,437.49,17.7,82.3,Texas,48339,TX,1,Metro - Counties in metro areas of 1 million population or more
Moore,31.6,31.76,11.33,1.38,56.97,86.41,3.96,1.71,6.33,0.23,1.37,41275,53785,46724,12.2,16.8,83.19,16.81,63.9,13.5,2.9,20940,24.35,25.2,74.8,Texas,48341,TX,7,"Nonmetro - Urban population of 2,500 to 19,999, not adjacent to a metro area"
Morris,42.7,23.06,22.04,2.58,10.02,72.4,22.67,1.37,0.65,0.12,2.79,43421,41418,52675,20.2,31.1,21.58,78.42,86.9,16.5,8.6,12388,51.33,17.7,82.3,Texas,48343,TX,6,"Nonmetro - Urban population of 2,500 to 19,999, adjacent to a metro area"
Motley,49.2,19.75,30.67,3.92,17.69,93.83,3.0,2.44,0.16,0.0,0.57,28938,41009,28729,17.8,30.3,0.0,100.0,88.4,17.4,3.7,1200,1.22,19.4,80.6,Texas,48345,TX,9,"Nonmetro - Completely rural or less than 2,500 urban population, not adjacent to a metro area"
Nacogdoches,31.5,23.01,15.26,1.77,19.72,77.52,18.32,0.88,1.36,0.06,1.86,37755,45357,37636,21.6,25.5,53.54,46.46,81.2,25.2,4.3,65204,68.17,20.9,79.1,Texas,48347,TX,5,"Nonmetro - Urban population of 20,000 or more, not adjacent to a metro area"
Navarro,37.9,26.41,17.26,1.99,27.79,81.19,13.43,1.11,0.75,1.53,1.98,37922,46259,38513,20.0,27.7,47.34,52.66,76.8,15.7,3.9,50113,47.28,21.8,78.2,Texas,48349,TX,4,"Nonmetro - Urban population of 20,000 or more, adjacent to a metro area"
Newton,44.1,19.61,21.17,2.31,3.69,76.49,20.14,0.86,0.6,0.01,1.9,33350,43367,36652,22.3,29.2,0.0,100.0,86.7,7.5,7.9,13595,15.47,19.6,80.4,Texas,48351,TX,2,"Metro - Counties in metro areas of 250,000 to 1 million population"
Nolan,38.0,26.02,18.6,2.38,38.35,90.65,5.1,1.2,0.82,0.11,2.12,43087,42522,43186,18.2,26.5,67.34,32.66,80.1,12.7,4.1,14714,16.68,18.5,81.5,Texas,48353,TX,6,"Nonmetro - Urban population of 2,500 to 19,999, adjacent to a metro area"
Nueces,36.1,24.31,14.92,1.79,64.14,90.97,4.26,0.86,2.2,0.14,1.58,44378,53034,47777,16.2,22.6,93.55,6.45,81.3,20.5,5.4,362294,405.76,20.3,79.7,Texas,48355,TX,2,"Metro - Counties in metro areas of 250,000 to 1 million population"
Ochiltree,32.3,31.02,11.67,1.19,54.86,94.69,1.28,1.81,0.64,0.08,1.5,57287,49845,49209,10.5,15.7,86.09,13.91,75.9,16.4,3.7,9836,11.14,27.2,72.8,Texas,48357,TX,7,"Nonmetro - Urban population of 2,500 to 19,999, not adjacent to a metro area"
Oldham,40.2,23.39,14.96,1.33,16.38,92.4,3.31,1.09,1.42,0.05,1.75,49120,56590,41415,13.0,25.4,0.0,100.0,84.8,25.9,2.5,2112,1.37,15.2,84.8,Texas,48359,TX,2,"Metro - Counties in metro areas of 250,000 to 1 million population"
Orange,38.2,24.76,16.46,1.84,8.03,87.54,8.79,0.74,1.2,0.09,1.64,44938,56556,53149,13.4,20.1,64.83,35.17,89.2,15.2,6.9,83396,245.26,16.3,83.7,Texas,48361,TX,2,"Metro - Counties in metro areas of 250,000 to 1 million population"
Palo Pinto,41.6,23.0,20.19,2.1,20.06,93.66,2.57,1.13,0.9,0.09,1.65,39125,46067,45001,15.9,25.0,49.78,50.22,82.7,15.8,4.1,29189,29.53,22.6,77.4,Texas,48363,TX,6,"Nonmetro - Urban population of 2,500 to 19,999, adjacent to a metro area"
Panola,40.7,23.29,19.79,1.93,8.88,80.45,15.86,0.71,0.83,0.06,2.1,43508,51192,47910,15.7,25.9,27.28,72.72,84.3,14.2,5.5,23194,29.68,19.4,80.6,Texas,48365,TX,6,"Nonmetro - Urban population of 2,500 to 19,999, adjacent to a metro area"
Parker,39.3,24.73,15.63,1.52,12.63,94.93,1.59,0.95,0.68,0.07,1.78,53289,73718,46502,8.3,11.5,43.92,56.08,89.3,27.0,3.5,142878,129.42,17.7,82.3,Texas,48367,TX,1,Metro - Counties in metro areas of 1 million population or more
Parmer,35.1,28.21,14.22,1.79,64.03,93.99,1.75,1.64,0.9,0.34,1.39,44981,50539,42659,13.5,19.2,39.98,60.02,68.6,16.0,2.5,9605,11.66,28.2,71.8,Texas,48369,TX,7,"Nonmetro - Urban population of 2,500 to 19,999, not adjacent to a metro area"
Pecos,35.8,24.53,13.53,1.43,68.81,91.34,4.54,1.4,1.26,0.11,1.35,36584,47008,47626,19.5,24.3,60.22,39.78,68.8,9.6,4.5,15823,3.26,23.5,76.5,Texas,48371,TX,7,"Nonmetro - Urban population of 2,500 to 19,999, not adjacent to a metro area"
Polk,44.0,19.87,18.95,1.04,15.55,85.0,10.19,2.35,0.77,0.09,1.6,39438,46017,39945,15.0,24.7,22.36,77.64,80.5,12.0,6.0,51353,42.96,21.9,78.1,Texas,48373,TX,6,"Nonmetro - Urban population of 2,500 to 19,999, adjacent to a metro area"
Potter,34.2,27.27,12.95,1.7,38.72,79.53,11.08,1.34,5.79,0.14,2.13,43945,41912,45397,19.7,27.7,91.0,9.0,76.4,14.6,3.2,117415,133.29,24.5,75.5,Texas,48375,TX,2,"Metro - Counties in metro areas of 250,000 to 1 million population"
Presidio,39.7,26.83,23.88,4.24,82.41,92.61,1.53,1.6,3.12,0.01,1.12,42848,37738,41460,22.4,35.2,59.53,40.47,56.8,25.0,9.4,6704,2.03,32.0,68.0,Texas,48377,TX,7,"Nonmetro - Urban population of 2,500 to 19,999, not adjacent to a metro area"
Rains,47.8,20.18,24.96,2.02,9.32,93.73,2.57,1.16,0.91,0.06,1.57,33602,47572,32814,14.5,23.7,6.77,93.23,81.9,9.5,3.5,12514,47.57,22.1,77.9,Texas,48379,TX,8,"Nonmetro - Completely rural or less than 2,500 urban population, adjacent to a metro area"
Randall,36.3,23.9,15.56,1.65,22.27,91.57,3.48,0.98,1.81,0.08,2.07,47966,69600,44092,8.5,11.4,85.62,14.38,91.1,30.4,2.8,137713,132.44,13.2,86.8,Texas,48381,TX,2,"Metro - Counties in metro areas of 250,000 to 1 million population"
Reagan,34.1,28.97,11.09,1.14,69.27,92.18,3.37,1.12,0.7,0.0,2.62,48253,65273,61452,10.0,13.5,86.69,13.31,71.5,11.5,3.8,3849,2.86,21.0,79.0,Texas,48383,TX,6,"Nonmetro - Urban population of 2,500 to 19,999, adjacent to a metro area"
Real,52.6,16.43,30.5,2.61,28.19,94.65,1.01,1.84,0.35,0.35,1.81,34687,39506,26667,18.1,35.6,0.0,100.0,80.3,23.2,5.7,3452,4.73,23.8,76.2,Texas,48385,TX,9,"Nonmetro - Completely rural or less than 2,500 urban population, not adjacent to a metro area"
Red River,47.7,19.57,25.32,3.27,7.33,79.48,16.68,1.56,0.35,0.01,1.93,40648,42233,34602,18.2,28.6,24.27,75.73,80.4,13.4,5.2,12023,12.41,19.0,81.0,Texas,48387,TX,6,"Nonmetro - Urban population of 2,500 to 19,999, adjacent to a metro area"
Reeves,33.6,22.41,11.76,1.55,74.99,91.33,5.27,0.91,1.5,0.07,0.93,39418,45341,60934,21.5,21.9,85.5,14.5,61.0,11.2,3.5,15976,5.23,21.8,78.2,Texas,48389,TX,7,"Nonmetro - Urban population of 2,500 to 19,999, not adjacent to a metro area"
Refugio,44.1,22.06,23.27,2.68,50.61,89.73,6.31,1.06,0.93,0.03,1.94,42606,44821,40682,16.3,25.5,39.32,60.68,79.8,10.8,5.8,6948,9.58,17.4,82.6,Texas,48391,TX,6,"Nonmetro - Urban population of 2,500 to 19,999, adjacent to a metro area"
Roberts,41.6,23.19,22.6,1.64,11.02,95.66,0.45,1.11,0.22,0.0,2.56,41971,67470,45308,7.8,10.2,0.0,100.0,93.9,31.5,3.7,854,1.01,13.2,86.8,Texas,48393,TX,9,"Nonmetro - Completely rural or less than 2,500 urban population, not adjacent to a metro area"
Robertson,40.6,23.43,19.98,2.47,21.47,76.25,20.19,1.0,0.85,0.07,1.64,40394,44917,45181,15.8,25.6,26.15,73.85,82.6,17.4,4.7,17074,19.43,20.8,79.2,Texas,48395,TX,3,"Metro - Counties in metro areas of fewer than 250,000 population"
Rockwall,37.8,26.63,12.77,1.32,17.95,86.98,6.87,0.83,3.11,0.11,2.11,61003,102858,43042,5.1,6.9,83.96,16.04,91.9,38.0,3.3,104915,616.65,13.8,86.2,Texas,48397,TX,1,Metro - Counties in metro areas of 1 million population or more
Runnels,41.5,23.18,20.98,2.77,34.27,93.3,2.42,1.62,1.38,0.05,1.24,39816,42205,35849,16.9,23.9,59.24,40.76,78.8,18.1,3.8,10264,9.99,19.7,80.3,Texas,48399,TX,6,"Nonmetro - Urban population of 2,500 to 19,999, adjacent to a metro area"
Rusk,39.3,22.1,16.9,2.03,17.2,78.79,17.6,1.05,0.66,0.08,1.82,36485,49788,43780,16.4,20.8,34.13,65.87,79.3,14.7,5.1,54406,57.71,21.7,78.3,Texas,48401,TX,3,"Metro - Counties in metro areas of fewer than 250,000 population"
Sabine,53.4,18.08,30.99,3.49,4.91,89.93,6.88,0.95,0.35,0.06,1.83,34631,40641,37316,17.6,28.5,0.0,100.0,85.4,12.9,8.6,10542,22.05,19.3,80.7,Texas,48403,TX,8,"Nonmetro - Completely rural or less than 2,500 urban population, adjacent to a metro area"
San Augustine,50.0,19.46,27.04,4.02,7.18,75.41,21.78,0.75,0.31,0.01,1.73,39879,38826,38384,22.2,34.3,0.0,100.0,80.5,11.5,7.5,8237,16.71,19.7,80.3,Texas,48405,TX,9,"Nonmetro - Completely rural or less than 2,500 urban population, not adjacent to a metro area"
San Jacinto,45.5,21.21,22.48,2.19,13.25,86.48,9.67,0.96,0.53,0.06,2.29,34514,47028,35112,17.5,28.4,0.0,100.0,82.8,10.0,5.6,28859,46.35,22.8,77.2,Texas,48407,TX,8,"Nonmetro - Completely rural or less than 2,500 urban population, adjacent to a metro area"
San Patricio,36.2,26.37,15.3,1.54,58.32,94.17,2.01,1.02,1.19,0.15,1.46,43945,53559,48612,17.3,26.1,80.35,19.65,78.1,14.5,7.6,66730,93.45,17.7,82.3,Texas,48409,TX,2,"Metro - Counties in metro areas of 250,000 to 1 million population"
San Saba,41.1,20.05,24.19,3.5,30.41,92.18,3.99,1.44,0.56,0.0,1.83,41233,43827,42027,16.8,28.0,50.64,49.36,74.5,14.5,3.2,6055,5.4,28.0,72.0,Texas,48411,TX,7,"Nonmetro - Urban population of 2,500 to 19,999, not adjacent to a metro area"
Schleicher,39.2,23.88,20.01,1.43,53.75,95.03,1.74,1.04,0.45,0.0,1.74,40136,47317,45307,16.5,23.8,0.0,100.0,76.3,19.1,3.7,2793,2.64,24.9,75.1,Texas,48413,TX,8,"Nonmetro - Completely rural or less than 2,500 urban population, adjacent to a metro area"
Scurry,36.7,24.8,15.36,2.22,40.61,90.72,5.3,1.35,0.76,0.05,1.83,42095,53059,56126,15.8,21.3,68.3,31.7,80.7,15.4,4.4,16703,18.69,19.4,80.6,Texas,48415,TX,7,"Nonmetro - Urban population of 2,500 to 19,999, not adjacent to a metro area"
Shackelford,44.2,22.85,21.16,2.51,10.87,95.27,1.75,0.68,0.43,0.06,1.81,130461,57126,58884,13.4,20.5,0.0,100.0,84.5,25.2,3.0,3265,3.69,21.1,78.9,Texas,48417,TX,8,"Nonmetro - Completely rural or less than 2,500 urban population, adjacent to a metro area"
Shelby,38.6,25.97,17.93,1.99,18.58,78.3,17.78,1.0,1.34,0.08,1.51,41666,41961,37926,20.6,30.1,20.57,79.43,75.4,15.3,5.1,25274,31.99,25.3,74.7,Texas,48419,TX,7,"Nonmetro - Urban population of 2,500 to 19,999, not adjacent to a metro area"
Sherman,37.6,26.74,15.29,2.15,44.34,94.84,1.81,1.26,0.84,0.0,1.26,49508,57052,42044,12.1,15.9,0.0,100.0,74.3,21.6,3.1,3022,3.29,28.3,71.7,Texas,48421,TX,9,"Nonmetro - Completely rural or less than 2,500 urban population, not adjacent to a metro area"
Smith,36.8,24.39,16.9,2.08,19.75,77.78,17.84,0.82,1.66,0.1,1.79,55229,56848,45429,15.0,22.2,68.39,31.61,84.7,24.7,4.1,232751,227.59,21.7,78.3,Texas,48423,TX,3,"Metro - Counties in metro areas of fewer than 250,000 population"
Somervell,42.7,21.95,19.39,2.43,18.25,93.75,1.32,1.58,1.12,0.04,2.18,45756,63929,59912,9.7,14.2,0.0,100.0,82.7,19.2,4.5,9128,45.53,18.1,81.9,Texas,48425,TX,1,Metro - Counties in metro areas of 1 million population or more
Starr,29.0,32.64,11.4,1.26,96.3,98.65,0.41,0.4,0.24,0.02,0.27,26316,30490,30320,33.2,45.3,76.29,23.71,48.5,9.3,11.7,64633,49.84,29.9,70.1,Texas,48427,TX,4,"Nonmetro - Urban population of 20,000 or more, adjacent to a metro area"
Stephens,40.1,21.96,20.18,2.73,24.0,93.78,2.81,1.31,0.8,0.04,1.27,39289,43115,39047,19.4,30.4,60.63,39.37,77.1,16.9,4.7,9366,10.74,24.2,75.8,Texas,48429,TX,7,"Nonmetro - Urban population of 2,500 to 19,999, not adjacent to a metro area"
Sterling,36.4,28.51,14.41,2.71,40.49,93.17,2.15,2.3,0.54,0.08,1.76,58174,59064,44968,12.6,17.3,0.0,100.0,85.8,23.7,3.8,1291,1.24,18.2,81.8,Texas,48431,TX,8,"Nonmetro - Completely rural or less than 2,500 urban population, adjacent to a metro area"
Stonewall,47.7,22.44,26.74,5.11,18.79,91.27,3.33,1.7,1.7,0.0,2.0,53416,46915,38952,14.6,17.8,0.0,100.0,79.5,13.5,3.4,1350,1.63,19.8,80.2,Texas,48433,TX,9,"Nonmetro - Completely rural or less than 2,500 urban population, not adjacent to a metro area"
Sutton,41.7,23.57,19.15,2.49,62.87,96.3,1.01,1.15,0.56,0.03,0.96,61478,54774,68360,14.2,22.6,81.2,18.8,76.6,16.8,5.1,3776,2.84,19.8,80.2,Texas,48435,TX,7,"Nonmetro - Urban population of 2,500 to 19,999, not adjacent to a metro area"
Swisher,36.3,24.66,17.64,2.62,44.62,87.29,8.42,1.69,0.63,0.08,1.89,41977,43084,36306,19.2,29.2,62.43,37.57,80.5,14.8,4.1,7397,8.82,23.4,76.6,Texas,48437,TX,6,"Nonmetro - Urban population of 2,500 to 19,999, adjacent to a metro area"
Tarrant,34.8,26.03,11.63,1.24,29.16,73.09,17.53,0.88,5.73,0.24,2.52,51239,66059,55632,12.1,16.8,98.71,1.29,85.2,30.7,3.7,2102515,2094.74,19.0,81.0,Texas,48439,TX,1,Metro - Counties in metro areas of 1 million population or more
Taylor,32.6,24.81,14.58,2.02,24.76,85.38,8.28,1.01,2.31,0.15,2.87,45333,48040,42473,16.0,22.1,83.97,16.03,86.8,24.1,3.5,138034,143.64,17.4,82.6,Texas,48441,TX,3,"Metro - Counties in metro areas of fewer than 250,000 population"
Terrell,51.0,18.81,32.86,5.41,53.7,91.6,1.48,3.58,0.99,0.0,2.35,48024,41413,42097,18.9,22.8,0.0,100.0,76.4,17.0,4.9,776,0.42,19.5,80.5,Texas,48443,TX,9,"Nonmetro - Completely rural or less than 2,500 urban population, not adjacent to a metro area"
Terry,34.6,27.22,15.06,1.84,55.73,91.72,4.91,1.25,0.57,0.07,1.48,32062,41268,46249,22.4,32.6,75.33,24.67,69.2,12.1,5.0,12337,14.23,24.7,75.3,Texas,48445,TX,6,"Nonmetro - Urban population of 2,500 to 19,999, adjacent to a metro area"
Throckmorton,51.1,19.25,29.65,4.46,13.96,96.08,1.26,1.2,0.47,0.0,1.0,35941,42701,28655,14.3,24.3,0.0,100.0,80.6,19.9,4.3,1501,1.8,24.5,75.5,Texas,48447,TX,9,"Nonmetro - Completely rural or less than 2,500 urban population, not adjacent to a metro area"
Titus,34.2,28.68,14.79,1.65,43.58,84.76,9.99,2.38,1.22,0.16,1.48,34718,45604,38006,18.6,29.7,49.44,50.56,72.1,15.2,5.3,32750,79.63,22.4,77.6,Texas,48449,TX,7,"Nonmetro - Urban population of 2,500 to 19,999, not adjacent to a metro area"
Tom Green,34.5,23.77,15.62,1.99,40.42,90.75,4.38,1.13,1.41,0.15,2.18,45993,51393,43100,15.5,23.7,84.36,15.64,83.3,22.4,3.7,119200,72.42,16.8,83.2,Texas,48451,TX,3,"Metro - Counties in metro areas of fewer than 250,000 population"
Travis,34.8,21.22,10.17,1.04,33.8,79.94,8.86,1.21,7.23,0.12,2.63,67504,76255,66723,12.0,15.2,94.54,5.46,88.2,46.4,3.0,1273954,1034.4,14.8,85.2,Texas,48453,TX,1,Metro - Counties in metro areas of 1 million population or more
Trinity,48.9,19.71,27.0,2.51,10.33,87.32,9.29,0.92,0.52,0.05,1.91,34514,40486,33543,17.7,30.3,22.76,77.24,83.7,12.2,5.5,14651,21.03,21.3,78.7,Texas,48455,TX,7,"Nonmetro - Urban population of 2,500 to 19,999, not adjacent to a metro area"
Tyler,42.5,19.26,22.59,2.62,8.05,85.7,11.35,0.84,0.61,0.05,1.46,32081,44041,35594,18.2,26.4,21.87,78.13,84.4,11.3,7.3,21672,23.54,17.9,82.1,Texas,48457,TX,6,"Nonmetro - Urban population of 2,500 to 19,999, adjacent to a metro area"
Upshur,41.0,23.79,18.74,1.98,8.91,88.31,8.01,1.06,0.51,0.06,2.05,36645,48554,37490,15.9,21.1,20.7,79.3,83.4,15.8,5.2,41753,67.43,20.8,79.2,Texas,48459,TX,3,"Metro - Counties in metro areas of fewer than 250,000 population"
Upton,35.1,28.63,14.68,2.16,53.86,91.53,3.41,2.69,0.71,0.0,1.65,44545,53867,68076,14.2,20.2,0.0,100.0,75.4,9.9,3.8,3657,2.7,19.0,81.0,Texas,48461,TX,8,"Nonmetro - Completely rural or less than 2,500 urban population, adjacent to a metro area"
Uvalde,34.5,26.81,16.86,2.45,72.23,95.48,1.23,1.26,0.9,0.1,1.04,39458,39725,34063,22.9,35.0,68.62,31.38,69.3,14.9,4.7,26741,17.01,23.8,76.2,Texas,48463,TX,6,"Nonmetro - Urban population of 2,500 to 19,999, adjacent to a metro area"
Val Verde,31.9,28.39,14.28,1.93,82.34,94.83,2.04,0.99,0.84,0.17,1.14,36554,44276,37204,18.9,28.9,89.84,10.16,66.9,17.5,5.1,49025,15.54,21.6,78.4,Texas,48465,TX,5,"Nonmetro - Urban population of 20,000 or more, not adjacent to a metro area"
Van Zandt,42.7,22.98,20.31,2.16,11.25,93.8,2.84,0.93,0.5,0.15,1.78,38200,51152,35278,15.6,20.8,24.98,75.02,82.3,16.3,3.7,56590,62.4,21.4,78.6,Texas,48467,TX,6,"Nonmetro - Urban population of 2,500 to 19,999, adjacent to a metro area"
Victoria,36.3,25.25,16.55,2.14,47.31,89.49,6.56,0.92,1.39,0.08,1.56,46142,51646,46341,15.4,21.4,73.37,26.63,83.6,18.8,4.8,92084,98.39,18.3,81.7,Texas,48469,TX,3,"Metro - Counties in metro areas of fewer than 250,000 population"
Walker,36.2,14.7,13.77,1.45,18.01,72.81,23.57,0.83,1.13,0.12,1.54,28016,43681,40759,26.1,28.3,54.42,45.58,82.6,19.5,4.6,72971,86.54,19.9,80.1,Texas,48471,TX,4,"Nonmetro - Urban population of 20,000 or more, adjacent to a metro area"
Waller,29.6,24.12,11.85,1.19,30.44,70.79,24.98,1.37,1.24,0.11,1.51,39995,59807,46469,15.9,19.9,38.36,61.64,78.4,18.7,4.9,55246,84.15,23.3,76.7,Texas,48473,TX,1,Metro - Counties in metro areas of 1 million population or more
Ward,33.9,28.84,13.58,2.0,54.43,90.87,4.99,1.45,0.6,0.09,2.01,49916,53621,63328,13.9,17.7,72.11,27.89,77.0,14.1,4.1,11998,12.75,18.9,81.1,Texas,48475,TX,6,"Nonmetro - Urban population of 2,500 to 19,999, adjacent to a metro area"
Washington,41.6,21.36,21.99,3.52,16.26,78.61,17.56,0.54,1.81,0.05,1.42,52265,54332,39738,13.8,19.5,46.51,53.49,82.6,22.0,4.2,35882,55.83,19.3,80.7,Texas,48477,TX,6,"Nonmetro - Urban population of 2,500 to 19,999, adjacent to a metro area"
Webb,29.1,32.41,9.73,1.12,95.45,97.62,0.7,0.57,0.62,0.05,0.43,31635,44919,36564,25.7,34.6,97.4,2.6,65.7,17.5,4.2,276652,74.46,29.8,70.2,Texas,48479,TX,2,"Metro - Counties in metro areas of 250,000 to 1 million population"
Wharton,37.4,25.78,17.42,2.24,41.97,83.86,13.72,0.79,0.56,0.05,1.03,41473,48040,39491,16.8,26.0,50.1,49.9,78.0,14.5,4.5,41556,38.01,23.3,76.7,Texas,48481,TX,4,"Nonmetro - Urban population of 20,000 or more, adjacent to a metro area"
Wheeler,40.1,25.4,19.82,2.1,25.53,92.32,3.14,1.74,0.85,0.0,1.94,41801,48018,41950,14.0,20.9,0.0,100.0,80.3,14.1,4.1,5056,5.92,25.7,74.3,Texas,48483,TX,9,"Nonmetro - Completely rural or less than 2,500 urban population, not adjacent to a metro area"
Wichita,34.6,22.53,15.01,2.13,19.51,82.46,11.11,1.33,2.14,0.14,2.81,43170,47477,39945,17.8,22.4,89.33,10.67,86.0,22.2,3.7,132230,209.47,17.3,82.7,Texas,48485,TX,3,"Metro - Counties in metro areas of fewer than 250,000 population"
Wilbarger,39.5,22.09,18.96,2.52,29.33,84.86,8.19,1.67,2.81,0.07,2.39,42041,44735,37216,15.3,23.6,78.11,21.89,78.0,15.5,4.7,12769,13.94,21.5,78.5,Texas,48487,TX,6,"Nonmetro - Urban population of 2,500 to 19,999, adjacent to a metro area"
Willacy,33.1,23.48,14.31,1.88,88.27,95.13,2.71,0.69,0.86,0.06,0.55,28593,33171,35510,35.0,44.5,65.42,34.58,63.1,8.6,11.0,21358,37.48,22.6,77.4,Texas,48489,TX,6,"Nonmetro - Urban population of 2,500 to 19,999, adjacent to a metro area"
Williamson,36.7,25.22,12.4,1.18,24.69,81.27,7.2,0.86,7.66,0.16,2.85,50776,87817,55645,6.4,7.9,88.01,11.99,92.9,39.4,3.2,590551,377.96,12.4,87.6,Texas,48491,TX,1,Metro - Counties in metro areas of 1 million population or more
Wilson,40.2,23.81,16.47,1.81,39.99,95.11,1.76,0.98,0.63,0.08,1.44,44255,71207,38858,10.9,14.6,14.14,85.86,84.9,19.3,3.5,51070,53.4,16.0,84.0,Texas,48493,TX,1,Metro - Counties in metro areas of 1 million population or more
Winkler,33.3,29.08,12.03,1.2,61.33,92.58,3.24,1.99,0.86,0.04,1.29,57584,56781,66480,14.1,20.1,81.87,18.13,68.1,10.3,5.2,8010,8.45,20.9,79.1,Texas,48495,TX,6,"Nonmetro - Urban population of 2,500 to 19,999, adjacent to a metro area"
Wise,38.9,24.69,15.14,1.33,19.68,94.91,1.55,1.1,0.64,0.07,1.72,43752,66387,46714,9.9,14.1,27.89,72.11,84.6,16.9,4.0,69984,65.38,20.8,79.2,Texas,48497,TX,1,Metro - Counties in metro areas of 1 million population or more
Wood,48.9,18.86,27.51,2.8,10.18,91.25,5.55,1.04,0.58,0.07,1.52,38152,48384,37726,15.3,24.9,25.8,74.2,85.1,17.1,4.7,45539,65.04,20.0,80.0,Texas,48499,TX,6,"Nonmetro - Urban population of 2,500 to 19,999, adjacent to a metro area"
Yoakum,30.6,32.7,11.86,1.33,66.82,95.09,1.43,1.72,0.55,0.03,1.18,41112,61560,62190,12.1,16.3,62.67,37.33,71.4,17.8,3.5,8713,9.85,22.4,77.6,Texas,48501,TX,7,"Nonmetro - Urban population of 2,500 to 19,999, not adjacent to a metro area"
Young,41.6,23.66,20.96,2.82,18.94,94.85,1.57,1.26,0.78,0.07,1.48,50231,49301,42430,13.9,20.4,66.43,33.57,81.6,18.6,3.8,18010,20.29,22.0,78.0,Texas,48503,TX,7,"Nonmetro - Urban population of 2,500 to 19,999, not adjacent to a metro area"
Zapata,30.0,33.06,13.16,1.47,94.54,98.53,0.4,0.47,0.28,0.01,0.32,28294,33160,50175,32.1,49.1,76.47,23.53,50.3,8.3,7.3,14179,14.04,28.4,71.6,Texas,48505,TX,6,"Nonmetro - Urban population of 2,500 to 19,999, adjacent to a metro area"
Zavala,31.4,28.39,14.55,1.69,93.99,96.5,1.26,1.13,0.25,0.16,0.7,29202,30076,36398,32.0,44.5,61.97,38.03,59.2,9.1,11.1,11840,9.0,19.6,80.4,Texas,48507,TX,7,"Nonmetro - Urban population of 2,500 to 19,999, not adjacent to a metro area"
